train_no,train_name,source_station_name,destination_station_name,departure_time,arrival_time,day_of_departure,day_of_arrival,distance
1011,CSMT-NGP SF,CST-MUMBAI,NAGPUR JN.(CR),00:20:00,14:20:00,Thursday,Thursday,7520
1045,LTT-KRMI SPL,LOKMANYA TILAK TERMINUS,VASHI,01:10:00,11:00:00,Thursday,Thursday,3105
1119,AJNI-KRMI SP,AJNI,VASHI,19:50:00,20:30:00,Monday,Monday,15373
1120,KRMI-AJNI SP,VASHI,AJNI,21:30:00,22:00:00,Sunday,Sunday,16304
1122,KRMI-CSMT SP,VASHI,CST-MUMBAI,22:30:00,10:30:00,Friday,Friday,3880
1196,NGP-KRMI SPL,NAGPUR JN.(CR),VASHI,19:50:00,21:30:00,Saturday,Sunday,17799
2025,CSMT-KRMI SF,CST-MUMBAI,VASHI,05:00:00,13:20:00,Tuesday,Tuesday,1554
2026,KRMI-CSMT SF,VASHI,CST-MUMBAI,14:30:00,23:00:00,Monday,Monday,2443
4409,DLI-SVDK SPL,DELHI JN.,DELHI JN.,21:10:00,11:30:00,Sunday,Sunday,2838
4410,SVDK-DLI SPL,SHRI MATA VAISHNO DEVI KATRA,DELHI JN.,13:30:00,03:15:00,Wednesday,Wednesday,1728
10103,MANDOVI EXPR,CST-MUMBAI,MADGOAN JN.,07:10:00,18:45:00,Thursday,Thursday,6874
10104,MANDOVI EXPR,MADGOAN JN.,CST-MUMBAI,09:15:00,21:40:00,Monday,Monday,4961
10111,KONKAN KANYA,CST-MUMBAI,MADGOAN JN.,23:05:00,10:45:00,Friday,Friday,6890
10112,KONKAN KANYA,MADGOAN JN.,CST-MUMBAI,18:00:00,05:50:00,Saturday,Saturday,4946
11003,DR-SWV TUTAR,DADAR,SAWANTWADI ROAD,00:05:00,10:40:00,Friday,Friday,6247
11004,SWV-DR TUTAR,SAWANTWADI ROAD,DADAR,18:50:00,06:45:00,Friday,Friday,4313
11005,DR-PDY EXPRE,DADAR,PONDICHERRY,21:30:00,07:15:00,Saturday,Sunday,34035
11006,CHALUKYA EXP,PONDICHERRY,DADAR,20:50:00,05:40:00,Saturday,Sunday,28240
11007,DECCAN EXPRE,CST-MUMBAI,PUNE JN.,07:00:00,11:05:00,Wednesday,Wednesday,1251
11008,DECCAN EXPRE,PUNE JN.,CST-MUMBAI,15:15:00,19:17:00,Monday,Monday,932
11009,SINHAGAD EXP,CST-MUMBAI,PUNE JN.,14:30:00,18:40:00,Thursday,Thursday,1360
11010,SINHAGAD EXP,PUNE JN.,CST-MUMBAI,06:05:00,09:55:00,Sunday,Sunday,770
11019,KONARK EXPRE,CST-MUMBAI,BHUBANESWAR,15:10:00,04:15:00,Friday,Saturday,40595
11020,KONARK EXPRE,BHUBANESWAR,CST-MUMBAI,15:25:00,03:55:00,Wednesday,Thursday,36985
11021,DR-TEN EXPRE,DADAR,TIRUNELVELI JN,21:30:00,11:45:00,Saturday,Sunday,37296
11022,TEN - DR EXP,TIRUNELVELI JN,DADAR,15:00:00,05:40:00,Saturday,Monday,34662
11023,SAHYADRI EXP,CST-MUMBAI,CHHATRAPATI SHAHU MAHARAJ TERMINUS,17:50:00,06:05:00,Wednesday,Wednesday,7986
11024,SAHYADRI EXP,CHHATRAPATI SHAHU MAHARAJ TERMINUS,CST-MUMBAI,22:50:00,11:50:00,Thursday,Friday,7718
11027,CSMT-MAS MAI,CST-MUMBAI,CHENNAI CENTRAL,23:45:00,03:30:00,Sunday,Monday,35428
11028,MAS-CSMT MUM,SHIVAJINAGAR,CST-MUMBAI,23:55:00,03:45:00,Thursday,Friday,32498
11029,KOYNA EXPRES,CST-MUMBAI,CHHATRAPATI SHAHU MAHARAJ TERMINUS,08:40:00,20:25:00,Tuesday,Tuesday,10042
11030,KOYNA EXPRES,CHHATRAPATI SHAHU MAHARAJ TERMINUS,CST-MUMBAI,07:55:00,20:05:00,Friday,Friday,7223
11035,SHARAVATHI E,DADAR,MYSORE JN.,21:30:00,21:40:00,Friday,Saturday,17544
11036,SHARAVATI EX,MYSORE JN.,DADAR,06:15:00,05:40:00,Tuesday,Tuesday,14044
11041,CSMT -MAS EX,CST-MUMBAI,CHENNAI CENTRAL,14:00:00,16:30:00,Tuesday,Wednesday,25159
11042,MAS-CSMT MUM,CHENNAI CENTRAL,CST-MUMBAI,12:20:00,13:35:00,Saturday,Sunday,19816
11057,AMRITSAR EXP,CST-MUMBAI,AMRITSAR JN.,23:30:00,16:30:00,Friday,Sunday,101256
11058,ASR CSMT EXP,AMRITSAR JN.,CST-MUMBAI,08:30:00,04:05:00,Thursday,Friday,79823
11093,MAHANAGARI E,CST-MUMBAI,VARANASI JN.,00:10:00,04:40:00,Thursday,Thursday,21018
11094,MAHANAGARI E,VARANASI JN.,CST-MUMBAI,11:20:00,14:15:00,Thursday,Thursday,19367
11301,UDYAN EXPRES,CST-MUMBAI,KRANTIVIRA SANGOLLI RAYANNA (BENGALURU STATION),08:10:00,08:50:00,Wednesday,Wednesday,23243
11302,UDYAN EXP,KRANTIVIRA SANGOLLI RAYANNA (BENGALURU STATION),CST-MUMBAI,20:45:00,20:15:00,Monday,Tuesday,17121
11401,NANDIGRHAM E,CST-MUMBAI,NAGPUR JN.(CR),16:35:00,16:15:00,Thursday,Friday,18663
11402,NADHIGRAM EX,NAGPUR JN.(CR),CST-MUMBAI,06:00:00,05:35:00,Tuesday,Tuesday,17104
12051,JAN SHATABDI,DADAR,MADGOAN JN.,05:25:00,14:05:00,Wednesday,Wednesday,2743
12052,MAO-DR JAN S,MADGOAN JN.,DADAR,14:30:00,23:05:00,Wednesday,Wednesday,2504
12071,JANSHATABDI,DADAR,JALNA,14:00:00,21:30:00,Wednesday,Wednesday,1278
12072,JANSHATABDI,JALNA,DADAR,04:45:00,12:30:00,Sunday,Sunday,1673
12105,VIDARBHA EXP,CST-MUMBAI,GONDIA JN.,19:05:00,11:15:00,Sunday,Sunday,14466
12106,VIDARBHA EXP,GONDIA JN.,CST-MUMBAI,14:50:00,07:00:00,Sunday,Sunday,11723
12109,PANCHAVATI E,CST-MUMBAI,MANMAD JN.,18:15:00,22:50:00,Saturday,Saturday,1398
12110,PANCHAVTI EX,MANMAD JN.,CST-MUMBAI,06:02:00,10:45:00,Sunday,Sunday,1195
12111,CSMT-AMI SF,CST-MUMBAI,AMRAVATI,19:55:00,08:05:00,Sunday,Sunday,5381
12112,AMI-CSMT SF,AMRAVATI,CST-MUMBAI,19:05:00,06:25:00,Monday,Monday,4082
12115,CSTM-SUR SID,CST-MUMBAI,SOLAPUR,22:45:00,06:50:00,Saturday,Saturday,2799
12116,SUR-CSMT SID,SOLAPUR,CST-MUMBAI,22:45:00,06:50:00,Saturday,Saturday,3649
12123,DECCAN QUEEN,CST-MUMBAI,PUNE JN.,17:10:00,20:25:00,Wednesday,Wednesday,606
12124,DECCAN QUEEN,PUNE JN.,CST-MUMBAI,07:15:00,10:25:00,Sunday,Sunday,436
12125,PRAGATI EXPR,CST-MUMBAI,PUNE JN.,16:25:00,19:50:00,Sunday,Sunday,712
12126,PRAGATI EXPR,PUNE JN.,CST-MUMBAI,07:50:00,11:15:00,Saturday,Saturday,802
12127,INTERCITY EX,CST-MUMBAI,PUNE JN.,06:40:00,09:57:00,Monday,Monday,548
12128,INTERCITY EX,PUNE JN.,CST-MUMBAI,17:55:00,21:05:00,Saturday,Saturday,594
12131,DR SAINAGAR,DADAR,SAI NAGAR SHIRDI,21:45:00,03:45:00,Monday,Monday,1243
12132,SAINAGAR DR,SAI NAGAR SHIRDI,DADAR,22:25:00,04:30:00,Wednesday,Wednesday,1396
12133,CSMT-MAJN EX,CST-MUMBAI,MANGALORE JN,22:02:00,12:40:00,Saturday,Saturday,7825
12134,MAJN-CSMT EX,MANGALORE JN,CST-MUMBAI,13:55:00,04:25:00,Friday,Friday,4858
12137,PUNJAB MAIL,CST-MUMBAI,FIROZPUR CANTT JN.,19:35:00,05:50:00,Sunday,Monday,61885
12138,PUNJAB MAIL,FIROZPUR CANTT JN.,CST-MUMBAI,21:40:00,07:35:00,Thursday,Friday,42955
12139,SEWAGRAM EXP,CST-MUMBAI,NAGPUR JN.(CR),15:00:00,06:10:00,Wednesday,Wednesday,14358
12140,SEWAGRAM EXP,NAGPUR JN.(CR),CST-MUMBAI,21:00:00,12:00:00,Wednesday,Wednesday,13388
12163,CHENNAI EXPR,DADAR,CHENNAI EGMORE,20:30:00,19:45:00,Friday,Saturday,17645
12164,CHENNAI EXP,CHENNAI EGMORE,DADAR,06:50:00,06:00:00,Tuesday,Wednesday,12975
12187,MUMBAI GARIB,JABALPUR,CST-MUMBAI,19:30:00,12:15:00,Wednesday,Wednesday,7840
12188,JBP GARIB RA,CST-MUMBAI,JABALPUR,13:30:00,06:00:00,Sunday,Sunday,7092
12225,KAIFIAT EXP,AZAMGARH,DELHI JN.,16:25:00,07:05:00,Thursday,Thursday,4035
12226,KAIFIAT EXP,DELHI JN.,AZAMGARH,19:15:00,09:30:00,Thursday,Thursday,7891
12261,CSMT-HWH DUR,CST-MUMBAI,HOWRAH JN.,17:15:00,19:40:00,Thursday,Friday,6363
12262,HWH-CSMT DUR,HOWRAH JN.,CST-MUMBAI,08:20:00,10:30:00,Sunday,Sunday,7466
12289,CSMT-NGP DUR,CST-MUMBAI,NAGPUR JN.(CR),20:15:00,07:20:00,Thursday,Thursday,1421
12290,NGP-CSMT DUR,NAGPUR JN.(CR),CST-MUMBAI,20:40:00,08:05:00,Friday,Friday,1943
12321,HWH MUMBAI M,HOWRAH JN.,CST-MUMBAI,22:00:00,11:25:00,Tuesday,Wednesday,48668
12322,KOLKATA MAIL,CST-MUMBAI,HOWRAH JN.,21:30:00,11:45:00,Friday,Sunday,55373
12361,ASN CSMT EXP,ASANSOL MAIN,CST-MUMBAI,19:45:00,06:15:00,Thursday,Friday,17898
12362,CSMT- ASANSO,CST-MUMBAI,ASANSOL MAIN,11:05:00,23:15:00,Wednesday,Thursday,25013
12461,MANDOR EXPRE,DELHI JN.,JODHPUR JN.,21:15:00,08:00:00,Wednesday,Wednesday,4171
12462,MANDOR EXPRE,JODHPUR JN.,DELHI JN.,19:45:00,06:40:00,Wednesday,Wednesday,5769
12481,INTERCITY EX,DELHI JN.,SHRI GANGANAGAR,13:10:00,20:40:00,Monday,Monday,2848
12482,INTERCITY EX,SHRI GANGANAGAR,DELHI JN.,05:55:00,13:35:00,Wednesday,Wednesday,3286
12489,BKN DDR SF E,BIKANER JN.,DADAR,13:40:00,12:00:00,Saturday,Sunday,13514
12490,DDR BIKANER,DADAR,BIKANER JN.,14:35:00,13:10:00,Monday,Tuesday,13852
12533,PUSHPAK SF E,LUCKNOW JN.,CST-MUMBAI,19:45:00,19:50:00,Thursday,Friday,11260
12534,PUSHPAK SF E,CST-MUMBAI,LUCKNOW JN.,08:25:00,08:40:00,Monday,Monday,11499
12597,GKP-CSMT-WEE,GORAKHPUR JN.,CST-MUMBAI,08:30:00,12:15:00,Saturday,Saturday,8242
12598,CSMT-GKP -WE,CST-MUMBAI,GORAKHPUR JN.,14:20:00,18:35:00,Friday,Friday,13761
12701,CSMT-HYB HUS,CST-MUMBAI,HYDERABAD DECCAN,21:50:00,12:10:00,Saturday,Saturday,8257
12702,HYB-CSMT HUS,HYDERABAD DECCAN,CST-MUMBAI,14:45:00,04:55:00,Wednesday,Wednesday,5196
12809,CSMT HWH MAI,CST-MUMBAI,HOWRAH JN.,20:35:00,05:50:00,Friday,Saturday,37828
12810,HWH CSMT MAI,HOWRAH JN.,CST-MUMBAI,20:15:00,05:20:00,Tuesday,Thursday,46501
12859,HWH-CSMT,CST-MUMBAI,HOWRAH JN.,06:00:00,12:30:00,Wednesday,Wednesday,25168
12860,HWH-CSMT GEE,HOWRAH JN.,CST-MUMBAI,13:50:00,21:20:00,Sunday,Monday,28164
12869,CSMT-HWH WEE,CST-MUMBAI,HOWRAH JN.,11:05:00,19:30:00,Monday,Tuesday,19576
12870,HWH-CSTM WEE,HOWRAH JN.,CST-MUMBAI,14:35:00,23:15:00,Saturday,Sunday,19920
12915,ASHRAM EXPRE,AHMEDABAD,DELHI JN.,18:30:00,10:10:00,Wednesday,Wednesday,10488
12916,ASHRAM EXPRE,DELHI JN.,AHMEDABAD,15:20:00,07:40:00,Friday,Friday,8130
12959,DADAR BHUJ E,DADAR,NEW BHUJ,00:05:00,17:50:00,Sunday,Sunday,11119
12960,BHUJ DADAR E,NEW BHUJ,DADAR,18:30:00,12:00:00,Saturday,Saturday,8312
12989,DDR AII SF E,DADAR,AJMER JN.,14:35:00,08:15:00,Monday,Monday,12364
12990,AII DDR SF E,AJMER JN.,DADAR,19:20:00,12:40:00,Thursday,Friday,10066
13413,FARAKKA EXPR,MALDA TOWN,DELHI JN.,19:10:00,04:40:00,Wednesday,Thursday,38428
13414,FARKKA EXPRE,DELHI JN.,MALDA TOWN,21:40:00,07:05:00,Tuesday,Wednesday,49689
13483,FARAKKA EXPR,MALDA TOWN,DELHI JN.,19:10:00,04:40:00,Sunday,Monday,41079
13484,FARAKKA EXPR,DELHI JN.,MALDA TOWN,21:40:00,07:05:00,Sunday,Monday,52908
14001,DLI-ATT LINK,DELHI JN.,ATARI JN,23:10:00,07:15:00,Saturday,Saturday,471
14002,ATT-DLI LINK,ATARI JN,DELHI JN.,20:00:00,03:20:00,Thursday,Thursday,471
14011,DLI-HSX EXPR,DELHI JN.,HOSHIARPUR,21:00:00,05:20:00,Friday,Friday,2479
14012,HSX-DLI EXPR,HOSHIARPUR,DELHI JN.,22:10:00,07:10:00,Sunday,Sunday,1217
14033,JAMMU MAIL,DELHI JN.,SHRI MATA VAISHNO DEVI KATRA,20:10:00,11:05:00,Monday,Monday,11439
14034,JAMMU MAIL,SHRI MATA VAISHNO DEVI KATRA,DELHI JN.,14:35:00,05:45:00,Thursday,Thursday,8786
14035,DLI PTK EXPR,DELHI JN.,PATHANKOT JN.,22:45:00,08:20:00,Saturday,Saturday,4354
14036,PTK DLI EXPR,PATHANKOT JN.,DELHI JN.,23:20:00,10:25:00,Saturday,Saturday,5527
14043,GARHWAL EXPR,KOTDWARA,DELHI JN.,15:10:00,22:20:00,Wednesday,Wednesday,1594
14044,GARHWAL EXPR,DELHI JN.,KOTDWARA,07:20:00,14:30:00,Wednesday,Wednesday,1486
14055,BRAHMAPUTRA,DIBRUGARH,DELHI JN.,23:25:00,06:05:00,Tuesday,Thursday,66001
14056,BRAHMPUTRA M,DELHI JN.,DIBRUGARH,23:40:00,04:25:00,Monday,Wednesday,93797
14205,FD-DLI EXP,FAIZABAD JN.,DELHI JN.,17:25:00,05:40:00,Sunday,Sunday,3582
14206,DLI-FD EXPRE,DELHI JN.,FAIZABAD JN.,18:25:00,07:20:00,Thursday,Thursday,3163
14207,PADMAVAT EXP,PARTAPGARH JN.,DELHI JN.,17:00:00,06:45:00,Wednesday,Wednesday,4958
14208,PADMAVAT EXP,DELHI JN.,PARTAPGARH JN.,19:50:00,08:20:00,Wednesday,Wednesday,5580
14519,KISAN EXPRES,DELHI JN.,BATHINDA JN,14:50:00,22:20:00,Saturday,Saturday,2738
14520,KISAN EXPRES,BATHINDA JN,DELHI JN.,06:55:00,14:10:00,Sunday,Sunday,3618
14521,DELHI-AMBALA,DELHI JN.,AMBALA CANTT JN,13:10:00,18:45:00,Sunday,Sunday,1681
14522,AMBALA-DELHI,AMBALA CANTT JN,DELHI JN.,05:40:00,11:40:00,Monday,Monday,1973
14553,HIMACHAL EXP,DELHI JN.,AMB ANDAURA,22:55:00,08:45:00,Thursday,Thursday,6013
14554,HIMACHAL EXP,AMB ANDAURA,DELHI JN.,20:10:00,05:30:00,Wednesday,Wednesday,4404
14555,BAREILLY EXP,BAREILLY JN.,DELHI JN.,14:10:00,21:45:00,Tuesday,Tuesday,2637
14556,BAREILLY EXP,DELHI JN.,BAREILLY JN.,06:00:00,13:05:00,Friday,Friday,3036
14645,SHALIMAR EXP,DELHI JN.,JAMMU TAWI,15:50:00,05:25:00,Wednesday,Wednesday,8220
14646,SHALIMAR EXP,JAMMU TAWI,DELHI JN.,21:00:00,10:55:00,Sunday,Monday,10038
14659,DLI - JSM EX,DELHI JN.,JAISALMER,17:35:00,11:45:00,Saturday,Saturday,14431
14660,JSM - DLI EX,JAISALMER,DELHI JN.,16:45:00,11:15:00,Sunday,Monday,20849
14731,DLI FKA EXP,DELHI JN.,FAZILKA JN.,14:20:00,01:00:00,Wednesday,Wednesday,7304
14732,FKA DLI EXP,FAZILKA JN.,DELHI JN.,02:00:00,12:45:00,Monday,Monday,7787
15035,UTR SAMPARK,DELHI JN.,KATHGODAM,16:00:00,22:45:00,Sunday,Sunday,1749
15036,UTR SAMPRK K,KATHGODAM,DELHI JN.,08:45:00,15:25:00,Sunday,Sunday,1020
15101,JANSADHARAN,SHIVAJINAGAR,CST-MUMBAI,21:15:00,06:15:00,Sunday,Sunday,15325
15102,JANSADHARN,CST-MUMBAI,SHIVAJINAGAR,15:35:00,04:40:00,Sunday,Sunday,20367
15115,LOKNAYAK EXP,SHIVAJINAGAR,DELHI JN.,11:15:00,11:55:00,Thursday,Thursday,10619
15116,LOKNAYAK EXP,DELHI JN.,SHIVAJINAGAR,14:00:00,13:20:00,Thursday,Thursday,10281
15483,SIKKIM MAHAN,ALIPUR DUAR JN.,DELHI JN.,09:25:00,22:40:00,Friday,Saturday,44485
15484,SIKKIM MAHAN,DELHI JN.,ALIPUR DUAR JN.,06:35:00,20:00:00,Thursday,Friday,50550
16331,TRIVANDRAM,CST-MUMBAI,TRIVANDRUM CENTRAL,12:10:00,03:20:00,Sunday,Monday,45072
16332,TVC-CSMT EX,TRIVANDRUM CENTRAL,CST-MUMBAI,04:25:00,20:50:00,Wednesday,Thursday,37047
16339,CSMT-NCJ EX,CST-MUMBAI,NAGERCOIL JN.,12:10:00,03:20:00,Thursday,Friday,39096
16340,NCJ-CSMT EXP,NAGERCOIL JN.,CST-MUMBAI,06:30:00,20:50:00,Saturday,Sunday,34076
16351,CSMT- NCJ EX,CST-MUMBAI,NAGERCOIL JN.,12:10:00,04:15:00,Saturday,Sunday,48197
16352,NCJ-CSMT EXP,NAGERCOIL JN.,CST-MUMBAI,05:00:00,20:50:00,Saturday,Sunday,41282
16381,KANYAKUMARI,CST-MUMBAI,KANNIYAKUMARI,15:45:00,12:35:00,Thursday,Saturday,84931
16382,CAPE MUMBAI,KANNIYAKUMARI,CST-MUMBAI,06:40:00,04:40:00,Wednesday,Thursday,51495
17031,MUMBAI CSMT-,CST-MUMBAI,HYDERABAD DECCAN,12:45:00,05:55:00,Friday,Friday,10967
17032,HYB-CSMT MUM,HYDERABAD DECCAN,CST-MUMBAI,20:40:00,13:05:00,Saturday,Saturday,9622
17057,CSMT-SC DEVA,CST-MUMBAI,SECUNDERABAD JN.,21:10:00,14:30:00,Sunday,Monday,13323
17058,SC-CSMT DEVA,SECUNDERABAD JN.,CST-MUMBAI,12:25:00,07:10:00,Thursday,Thursday,12155
17411,MAHALAXMI EX,CST-MUMBAI,CHHATRAPATI SHAHU MAHARAJ TERMINUS,20:20:00,07:25:00,Tuesday,Tuesday,5534
17412,MAHALAXMI EX,CHHATRAPATI SHAHU MAHARAJ TERMINUS,CST-MUMBAI,20:30:00,07:25:00,Wednesday,Wednesday,4158
17617,CSMT-NED TAP,CST-MUMBAI,NANDED,06:15:00,18:00:00,Sunday,Sunday,5971
17618,NED-CSMT TAP,NANDED,CST-MUMBAI,10:05:00,21:50:00,Wednesday,Wednesday,6106
19115,DDR BHUJ EXP,DADAR,NEW BHUJ,15:00:00,07:00:00,Friday,Friday,12581
19116,BHUJ DDR EXP,NEW BHUJ,DADAR,22:25:00,13:45:00,Wednesday,Thursday,11858
22101,CSMT-MMR RAJ,CST-MUMBAI,MANMAD JN.,18:45:00,23:25:00,Friday,Friday,937
22102,MMR-CSMT RAJ,MANMAD JN.,CST-MUMBAI,05:25:00,10:07:00,Saturday,Saturday,1106
22105,INDRAYANI EX,CST-MUMBAI,PUNE JN.,05:40:00,09:05:00,Wednesday,Wednesday,700
22106,INDRAYANI EX,PUNE JN.,CST-MUMBAI,18:35:00,22:00:00,Sunday,Sunday,823
22115,LTT-KRMI AC,LOKMANYA TILAK TERMINUS,VASHI,01:10:00,11:00:00,Thursday,Thursday,2130
22116,KRMI-LTT AC,VASHI,LOKMANYA TILAK TERMINUS,14:00:00,23:55:00,Wednesday,Wednesday,2235
22119,CSTM-KRMI TE,CST-MUMBAI,VASHI,05:00:00,13:20:00,Sunday,Sunday,1513
22120,KRMI-CSTM TE,VASHI,CST-MUMBAI,14:30:00,23:00:00,Monday,Monday,2419
22140,SUR-CSMT EXP,SOLAPUR,CST-MUMBAI,21:10:00,05:10:00,Thursday,Thursday,2337
22143,CSMT-BIDAR E,CST-MUMBAI,BIDAR,21:00:00,09:15:00,Saturday,Saturday,5467
22144,BIDAR-CSMT E,BIDAR,CST-MUMBAI,19:50:00,07:55:00,Thursday,Thursday,5858
22147,DR-SNSI SF E,DADAR,SAI NAGAR SHIRDI,21:45:00,03:45:00,Wednesday,Wednesday,1243
22148,SNSI-DR SF E,SAI NAGAR SHIRDI,DADAR,09:20:00,15:20:00,Sunday,Sunday,1396
22429,DLI-PTK EXP,DELHI JN.,PATHANKOT JN.,08:25:00,18:30:00,Friday,Friday,4924
22430,PTK-DLI SUPE,PATHANKOT JN.,DELHI JN.,07:00:00,17:00:00,Friday,Friday,4420
22629,DADAR TEN EX,DADAR,TIRUNELVELI JN,20:40:00,04:00:00,Sunday,Tuesday,23796
22630,TEN DR EXPRE,TIRUNELVELI JN,DADAR,07:20:00,15:10:00,Friday,Friday,21928
50103,RATNAGIRI PA,DADAR,RATNAGIRI,15:40:00,00:25:00,Thursday,Thursday,6013
50104,RN DADAR PAS,RATNAGIRI,DADAR,05:30:00,14:20:00,Friday,Friday,7247
51027,FAST PASSENG,CST-MUMBAI,PANDHARPUR,22:55:00,10:30:00,Saturday,Saturday,4590
51028,FAST PASSENG,PANDHARPUR,CST-MUMBAI,17:25:00,04:10:00,Wednesday,Wednesday,7365
51029,BB BJP FAST,CST-MUMBAI,BIJAPUR JN,22:55:00,12:20:00,Thursday,Thursday,7595
51030,BJP BB FAST,BIJAPUR JN,CST-MUMBAI,14:50:00,04:10:00,Thursday,Thursday,11109
51153,MUMBAI BSL P,CST-MUMBAI,BHUSAVAL JN.,05:25:00,17:55:00,Sunday,Sunday,10745
51154,BSL MUMBAI P,BHUSAVAL JN.,CST-MUMBAI,07:05:00,19:05:00,Wednesday,Wednesday,10190
51901,AGC-DLI PASS,AGRA CANTT,DELHI JN.,09:00:00,16:00:00,Sunday,Sunday,3231
51902,DLI-AGC PASS,DELHI JN.,AGRA CANTT,07:00:00,13:25:00,Tuesday,Tuesday,2731
51905,SMQL-DLI PAS,DELHI JN.,SHAMLI,18:55:00,22:15:00,Sunday,Sunday,1106
51906,DLI-SMQL PAS,SHAMLI,DELHI JN.,02:00:00,04:30:00,Monday,Monday,840
51909,DLI--SMQL-SR,DELHI JN.,SAHARANPUR JN.,05:20:00,11:00:00,Wednesday,Wednesday,2644
51910,SRE-SMQL-DLI,SAHARANPUR JN.,DELHI JN.,06:55:00,12:15:00,Monday,Monday,3222
51911,DLI-SMQL-SRE,DELHI JN.,SAHARANPUR JN.,12:45:00,17:50:00,Tuesday,Tuesday,2644
51912,SRE-SMQL-DLI,SAHARANPUR JN.,DELHI JN.,18:15:00,23:50:00,Friday,Friday,3222
51913,DLI-SMQL-SRE,DELHI JN.,SAHARANPUR JN.,18:05:00,23:35:00,Monday,Monday,2164
51914,SRE-SMQL-DLI,SAHARANPUR JN.,DELHI JN.,03:15:00,08:10:00,Thursday,Thursday,2758
51915,DLI-FN PASSE,DELHI JN.,FARUKHNAGAR,00:10:00,01:55:00,Friday,Friday,293
51916,FN-DLI PASSE,FARUKHNAGAR,DELHI JN.,04:10:00,06:15:00,Thursday,Thursday,321
54005,DELHI BHIWAN,DELHI JN.,BHIWANI JN.,04:15:00,08:10:00,Thursday,Thursday,1103
54024,JIND DELHI P,JIND JN,DELHI JN.,17:40:00,22:15:00,Tuesday,Tuesday,1835
54031,DELHI JIND P,DELHI JN.,JIND JN,11:45:00,15:20:00,Friday,Friday,1321
54032,NRW- DELHI P,JIND JN,DELHI JN.,07:20:00,11:00:00,Monday,Monday,1835
54033,DELHI JIND P,DELHI JN.,NARWANA JN.,17:25:00,22:25:00,Sunday,Sunday,1914
54034,JIND DELHI P,JIND JN,DELHI JN.,15:50:00,19:45:00,Thursday,Thursday,1835
54035,DELHI JIND J,DELHI JN.,JAKHAL JN.,15:40:00,21:40:00,Saturday,Saturday,3012
54036,JAKHAL JIND,JAKHAL JN.,DELHI JN.,04:45:00,10:20:00,Tuesday,Tuesday,3923
54055,MORADABAD DE,MORADABAD JN.,DELHI JN.,16:15:00,22:10:00,Saturday,Saturday,2171
54056,MORADABAD DE,DELHI JN.,MORADABAD JN.,10:00:00,15:35:00,Monday,Monday,1986
54057,DELHI SMQL P,DELHI JN.,SHAMLI,21:00:00,00:40:00,Saturday,Saturday,1106
54058,SMQL DLI PAS,SHAMLI,DELHI JN.,03:15:00,06:55:00,Wednesday,Wednesday,1112
54059,DLI SMQL PAS,DELHI JN.,SHAMLI,23:05:00,01:35:00,Thursday,Thursday,588
54060,SMQL DLI PAS,SHAMLI,DELHI JN.,06:30:00,10:10:00,Tuesday,Tuesday,1112
54075,SHAJANPUR DE,SITAPUR CITY JN.,DELHI JN.,14:25:00,03:40:00,Thursday,Thursday,8071
54076,DELHI SHAJAN,DELHI JN.,SITAPUR CITY JN.,23:50:00,13:35:00,Tuesday,Tuesday,8293
54085,DLI-RE PASSA,DELHI JN.,REWARI JN.,06:55:00,09:35:00,Tuesday,Tuesday,704
54086,RE-DLI PASSE,REWARI JN.,DELHI JN.,10:25:00,13:35:00,Saturday,Saturday,766
54303,DLI-KLK PASS,DELHI JN.,KALKA,15:20:00,23:50:00,Wednesday,Wednesday,4594
54304,KLK DLI PASS,KALKA,DELHI JN.,07:05:00,19:40:00,Wednesday,Wednesday,8516
54307,MB-DLI PASSE,MORADABAD JN.,DELHI JN.,17:00:00,23:10:00,Thursday,Thursday,1870
54308,DELHI MORADA,DELHI JN.,MORADABAD JN.,01:40:00,08:00:00,Thursday,Thursday,1881
54309,DLI-RE PASSE,DELHI JN.,REWARI JN.,05:20:00,08:10:00,Monday,Monday,704
54310,RE-DLI PASSE,REWARI JN.,DELHI JN.,09:30:00,12:20:00,Sunday,Sunday,766
54413,DLI-RE PASSE,DELHI JN.,REWARI JN.,03:15:00,05:45:00,Saturday,Saturday,704
54414,RE-DLI PASSE,REWARI JN.,DELHI JN.,07:05:00,09:40:00,Thursday,Thursday,766
54416,RE-DLI PASSE,REWARI JN.,DELHI JN.,13:10:00,15:40:00,Sunday,Sunday,766
54417,DLI-RE PASSE,DELHI JN.,REWARI JN.,16:10:00,18:45:00,Monday,Monday,704
54420,RE-DLI PASSE,REWARI JN.,DELHI JN.,19:25:00,22:20:00,Friday,Friday,766
54421,DLI-RE PASSE,DELHI JN.,REWARI JN.,11:15:00,14:25:00,Friday,Friday,704
54423,DLI-BNW PAS,DELHI JN.,BHIWANI JN.,17:00:00,20:35:00,Thursday,Thursday,1103
54424,BIWANI ROHTA,BHIWANI JN.,DELHI JN.,05:00:00,08:40:00,Saturday,Saturday,1624
54471,DLI - RKSH P,DELHI JN.,RISHIKESH,17:35:00,04:40:00,Friday,Friday,6318
54472,RKSH-DLI PAS,RISHIKESH,DELHI JN.,05:55:00,17:50:00,Monday,Monday,6499
54473,DLI SRE PASS,DELHI JN.,SAHARANPUR JN.,18:15:00,00:10:00,Saturday,Saturday,2511
54474,SAHARANPUR N,SAHARANPUR JN.,DELHI JN.,03:55:00,09:00:00,Tuesday,Tuesday,3552
54475,DLI - HW PAS,DELHI JN.,HARIDWAR JN,09:50:00,21:50:00,Wednesday,Wednesday,5575
54476,DLI - HW PAS,HARIDWAR JN,DELHI JN.,04:20:00,16:10:00,Friday,Friday,6574
54641,DLI-FZR PASS,DELHI JN.,FIROZPUR CANTT JN.,07:10:00,19:35:00,Friday,Friday,10386
54642,FZR - DLI PA,FIROZPUR CANTT JN.,DELHI JN.,11:30:00,22:50:00,Tuesday,Tuesday,12568
64001,DLI-PNP MEMU,DELHI JN.,PANIPAT JN.,19:25:00,21:40:00,Sunday,Sunday,670
64002,PNP-DLI MEMU,PANIPAT JN.,DELHI JN.,06:20:00,08:38:00,Friday,Friday,902
64061,PWL-DLI EMU,PALWAL,DELHI JN.,17:30:00,19:20:00,Tuesday,Tuesday,482
64062,DLI-BVH EMU,DELHI JN.,PALWAL,05:15:00,07:10:00,Thursday,Thursday,252
64064,PND-4 EMU,DELHI JN.,PALWAL,19:45:00,21:25:00,Friday,Friday,252
64101,ALJN-DLI 12C,ALIGARH JN.,DELHI JN.,01:55:00,05:10:00,Thursday,Thursday,1369
64102,DLI-ALJN 12C,DELHI JN.,ALIGARH JN.,18:15:00,21:20:00,Monday,Monday,1255
64103,ALJN-DLI,ALIGARH JN.,DELHI JN.,06:10:00,09:10:00,Thursday,Thursday,1369
64104,DLI-DKDE 12C,DELHI JN.,DANKAUR,05:10:00,06:45:00,Friday,Friday,253
64106,DLI-KRJ 12CA,DELHI JN.,KHURJA JN,17:25:00,19:45:00,Friday,Friday,613
64107,DKDE-DLI 12C,DANKAUR,DELHI JN.,15:00:00,16:35:00,Tuesday,Tuesday,284
64108,DLI-DKDE 12C,DELHI JN.,KHURJA JN,20:30:00,23:00:00,Monday,Monday,613
64151,ALJN-DLI MEM,ALIGARH JN.,DELHI JN.,14:05:00,17:00:00,Sunday,Sunday,1369
64152,DLI-ALJN MEM,DELHI JN.,ALIGARH JN.,08:50:00,12:00:00,Saturday,Saturday,1255
64401,GZB-DLI 12CA,GHAZIABAD JN.,DELHI JN.,10:25:00,11:10:00,Friday,Friday,49
64402,DLI-GZB 12CA,DELHI JN.,GHAZIABAD JN.,07:10:00,08:00:00,Friday,Friday,46
64403,GZB-DLI 12CA,GHAZIABAD JN.,DELHI JN.,17:15:00,18:00:00,Thursday,Thursday,49
64404,DLI-GZB 12CA,DELHI JN.,GHAZIABAD JN.,09:40:00,10:40:00,Thursday,Thursday,46
64406,DLI-GZB 12CA,DELHI JN.,GHAZIABAD JN.,09:20:00,10:10:00,Thursday,Thursday,46
64407,GZB-DLI EMU,GHAZIABAD JN.,DELHI JN.,18:20:00,19:05:00,Thursday,Thursday,49
64408,DLI-GZB 12CA,DELHI JN.,GHAZIABAD JN.,10:10:00,11:00:00,Tuesday,Tuesday,46
64411,SBB-DLI EMU,SAHIBABAD,DELHI JN.,09:00:00,10:00:00,Monday,Monday,100
64412,DLI-GZB MEMU,DELHI JN.,GHAZIABAD JN.,20:20:00,21:05:00,Sunday,Sunday,46
64414,DLI-GZB EMU,DELHI JN.,GHAZIABAD JN.,08:40:00,09:30:00,Monday,Monday,46
64417,GZB-DLI MEMU,GHAZIABAD JN.,DELHI JN.,07:10:00,08:25:00,Wednesday,Wednesday,170
64418,DLI-GZB MEMU,DELHI JN.,GHAZIABAD JN.,18:45:00,20:00:00,Saturday,Saturday,108
64434,DLI-GZB 12CA,DELHI JN.,GHAZIABAD JN.,11:20:00,12:30:00,Friday,Friday,108
64437,GZB-DLI 12CA,GHAZIABAD JN.,DELHI JN.,06:05:00,07:08:00,Monday,Monday,154
64439,GZB-DLI 12CA,GHAZIABAD JN.,DELHI JN.,08:10:00,09:18:00,Wednesday,Wednesday,154
64443,GZB-DLI 12CA,GHAZIABAD JN.,DELHI JN.,18:30:00,20:00:00,Wednesday,Wednesday,170
64445,GZB-NDLS,GHAZIABAD JN.,DELHI JN.,19:25:00,20:05:00,Thursday,Thursday,49
64451,DLI-PNP MEMU,DELHI JN.,PANIPAT JN.,16:40:00,19:15:00,Tuesday,Tuesday,670
64452,KKDE-DLI MEM,KURUKSHETRA JN.,DELHI JN.,05:55:00,09:35:00,Monday,Monday,2426
64453,DLI-PNP 12CA,DELHI JN.,PANIPAT JN.,17:40:00,19:50:00,Saturday,Saturday,670
64454,KKDE-DLI MEM,KURUKSHETRA JN.,DELHI JN.,12:45:00,17:10:00,Tuesday,Tuesday,2426
64531,DLI-PNP PASS,DELHI JN.,PANIPAT JN.,05:45:00,07:55:00,Saturday,Saturday,663
64533,DLI-PNP MEMU,DELHI JN.,PANIPAT JN.,12:50:00,15:05:00,Wednesday,Wednesday,670
64536,PNP-DLI-MEMU,PANIPAT JN.,DELHI JN.,09:55:00,12:35:00,Wednesday,Wednesday,902
64557,DLI-SRE MEMU,DELHI JN.,SAHARANPUR JN.,16:45:00,21:50:00,Monday,Monday,2247
64558,SRE-DLI MEMU,SAHARANPUR JN.,DELHI JN.,04:25:00,08:55:00,Wednesday,Wednesday,2790
64559,DLI - SRE ME,DELHI JN.,SAHARANPUR JN.,13:20:00,19:10:00,Monday,Monday,2247
64560,SRE - DLI ME,SAHARANPUR JN.,DELHI JN.,04:55:00,09:30:00,Tuesday,Tuesday,2790
64561,DLI-UMB MEMU,DELHI JN.,AMBALA CANTT JN,11:25:00,19:20:00,Friday,Friday,4948
64562,UMB-DLI MEMU,AMBALA CANTT JN,DELHI JN.,06:00:00,14:50:00,Tuesday,Tuesday,5492
64581,HRF-DLI MEMU,HATHRAS QILAH,DELHI JN.,05:55:00,10:00:00,Thursday,Thursday,2177
64582,DLI-HRF MEMU,DELHI JN.,HATHRAS QILAH,17:45:00,21:45:00,Friday,Friday,1991
64583,TDL-DLI MEMU,TUNDLA JN,DELHI JN.,06:30:00,13:00:00,Friday,Friday,3349
64584,DLI-TDL MEMU,DELHI JN.,TUNDLA JN,12:55:00,18:10:00,Monday,Monday,3143
64913,DLI-ROK MEMU,DELHI JN.,ROHTAK JN.,05:00:00,07:00:00,Tuesday,Tuesday,492
64914,ROK-DLI MEMU,ROHTAK JN.,DELHI JN.,13:30:00,15:45:00,Tuesday,Tuesday,679
64915,DLI-ROK MEMU,DELHI JN.,ROHTAK JN.,10:10:00,12:20:00,Saturday,Saturday,492
64916,ROK-DLI MEMU,ROHTAK JN.,DELHI JN.,21:00:00,23:10:00,Friday,Friday,679
64931,DLI-ROK MEMU,DELHI JN.,ROHTAK JN.,18:35:00,20:55:00,Saturday,Saturday,492
64932,ROK-DLI MEMU,ROHTAK JN.,DELHI JN.,15:50:00,18:10:00,Monday,Monday,679
74001,DLI-RE DMU,DELHI JN.,REWARI JN.,20:05:00,22:35:00,Monday,Monday,704
74002,RE-DLI DMU,REWARI JN.,DELHI JN.,17:00:00,19:35:00,Friday,Friday,766
74003,DLI-RE DMU,DELHI JN.,REWARI JN.,13:50:00,16:30:00,Saturday,Saturday,704
74004,RE-DLI DMU,REWARI JN.,DELHI JN.,05:30:00,08:15:00,Saturday,Saturday,766
74011,DLI-ROK DMU,DELHI JN.,ROHTAK JN.,20:20:00,22:35:00,Saturday,Saturday,492
74012,ROK-DLI DMU,ROHTAK JN.,DELHI JN.,04:15:00,06:50:00,Wednesday,Wednesday,679
74013,DLI-KKDE DMU,DELHI JN.,KURUKSHETRA JN.,16:35:00,23:20:00,Friday,Friday,4419
74014,KKDE-DLI DMU,KURUKSHETRA JN.,DELHI JN.,04:30:00,11:20:00,Friday,Friday,5682
74021,DLI-SRE DMU,DELHI JN.,SAHARANPUR JN.,07:35:00,12:45:00,Friday,Friday,2644
74022,HARIDWAR-DLI,SHAMLI,DELHI JN.,05:40:00,09:20:00,Monday,Monday,1112
74023,DELHI-HARIDW,DELHI JN.,SHAMLI,20:00:00,23:00:00,Friday,Friday,1106
74024,SREL-DLI DMU,SAHARANPUR JN.,DELHI JN.,13:15:00,18:30:00,Wednesday,Wednesday,3222
74025,DELHI-SHAMLI,DELHI JN.,SHAMLI,04:05:00,07:35:00,Wednesday,Wednesday,1106
74026,SHAMLI-DELHI,SHAMLI,DELHI JN.,10:00:00,13:25:00,Tuesday,Tuesday,1112
74027,DLI-BTU DEMU,DELHI JN.,BARAUT,15:30:00,17:45:00,Tuesday,Tuesday,426
74028,BTU-DLI DEMU,BARAUT,DELHI JN.,18:55:00,21:20:00,Monday,Monday,374
82355,PNBE-CSMT SU,PATNA JN.,CST-MUMBAI,13:00:00,16:05:00,Monday,Monday,4781
91392,WAD2,RAVLI JN,CST-MUMBAI,12:08:00,12:29:00,Friday,Friday,10
91393,WAD1,CST-MUMBAI,RAVLI JN,12:35:00,12:55:00,Wednesday,Wednesday,10
91394,WAD4,RAVLI JN,CST-MUMBAI,13:50:00,14:10:00,Sunday,Sunday,10
91395,WAD3,CST-MUMBAI,RAVLI JN,14:16:00,14:36:00,Tuesday,Tuesday,10
91396,WAD6,RAVLI JN,CST-MUMBAI,20:18:00,20:39:00,Saturday,Saturday,10
91491,WBO1,CST-MUMBAI,RAVLI JN,20:45:00,21:05:00,Thursday,Thursday,10
93020,DRD-DDR,DAHANU ROAD,DADAR,14:15:00,16:28:00,Monday,Monday,113
93022,DRD DDR EMU,DAHANU ROAD,DADAR,15:20:00,17:47:00,Wednesday,Wednesday,113
93027,DDR-DRD,DADAR,DAHANU ROAD,16:47:00,19:15:00,Thursday,Thursday,113
93029,DDR DRD EMU,DADAR,DAHANU ROAD,18:00:00,20:25:00,Thursday,Thursday,113
95701,K1,CST-MUMBAI,LONAVLA,06:06:00,07:06:00,Tuesday,Tuesday,161
95702,KW2,LONAVLA,CST-MUMBAI,05:16:00,06:36:00,Monday,Monday,413
95703,K11,CST-MUMBAI,LONAVLA,07:29:00,08:29:00,Wednesday,Wednesday,206
95704,K14,LONAVLA,CST-MUMBAI,07:14:00,08:16:00,Sunday,Sunday,266
95705,K19,CST-MUMBAI,LONAVLA,08:25:00,09:24:00,Tuesday,Tuesday,210
95706,DK4,LONAVLA,DADAR,07:25:00,08:24:00,Friday,Friday,215
95707,K21,CST-MUMBAI,LONAVLA,08:32:00,09:44:00,Wednesday,Wednesday,475
95708,K20,LONAVLA,CST-MUMBAI,07:47:00,09:01:00,Saturday,Saturday,261
95709,K27,CST-MUMBAI,LONAVLA,09:00:00,10:12:00,Wednesday,Wednesday,475
95710,K28,LONAVLA,CST-MUMBAI,08:13:00,09:29:00,Saturday,Saturday,317
95711,K33,CST-MUMBAI,LONAVLA,10:04:00,11:17:00,Tuesday,Tuesday,497
95712,K30,LONAVLA,CST-MUMBAI,08:36:00,09:38:00,Friday,Friday,262
95713,DK5,DADAR,LONAVLA,10:44:00,11:33:00,Wednesday,Wednesday,123
95714,K32,LONAVLA,CST-MUMBAI,08:41:00,09:57:00,Saturday,Saturday,310
95715,K41,CST-MUMBAI,LONAVLA,11:43:00,12:56:00,Tuesday,Tuesday,417
95716,K34,LONAVLA,CST-MUMBAI,08:47:00,10:03:00,Monday,Monday,261
95717,K53,CST-MUMBAI,LONAVLA,12:55:00,13:57:00,Saturday,Saturday,180
95718,K36,LONAVLA,CST-MUMBAI,09:00:00,10:15:00,Tuesday,Tuesday,313
95719,K73,CST-MUMBAI,LONAVLA,15:17:00,16:19:00,Friday,Friday,180
95720,K42,LONAVLA,CST-MUMBAI,09:43:00,10:57:00,Sunday,Sunday,310
95721,KW1,CST-MUMBAI,LONAVLA,15:56:00,17:08:00,Wednesday,Wednesday,514
95722,DK10,LONAVLA,DADAR,09:47:00,10:37:00,Sunday,Sunday,141
95723,DK15,DADAR,LONAVLA,16:13:00,17:02:00,Sunday,Sunday,140
95724,K56,LONAVLA,CST-MUMBAI,11:44:00,12:45:00,Sunday,Sunday,243
95725,DK17,DADAR,LONAVLA,17:30:00,18:17:00,Tuesday,Tuesday,144
95726,K76,LONAVLA,CST-MUMBAI,14:10:00,15:12:00,Thursday,Thursday,243
95727,K89,CST-MUMBAI,LONAVLA,17:22:00,18:36:00,Sunday,Sunday,421
95728,K94,LONAVLA,CST-MUMBAI,16:30:00,17:45:00,Sunday,Sunday,313
95729,DK21,DADAR,LONAVLA,18:00:00,19:00:00,Tuesday,Tuesday,311
95730,DK20,LONAVLA,DADAR,16:31:00,17:20:00,Friday,Friday,141
95731,K95,CST-MUMBAI,LONAVLA,18:03:00,19:17:00,Wednesday,Wednesday,420
95732,K98,LONAVLA,CST-MUMBAI,16:58:00,18:10:00,Monday,Monday,291
95733,K101,CST-MUMBAI,LONAVLA,18:33:00,19:46:00,Friday,Friday,417
95734,DK22,LONAVLA,DADAR,17:07:00,17:52:00,Saturday,Saturday,141
95735,DK27,DADAR,LONAVLA,19:00:00,20:00:00,Saturday,Saturday,311
95736,K102,LONAVLA,CST-MUMBAI,17:20:00,18:33:00,Tuesday,Tuesday,291
95737,K103,CST-MUMBAI,LONAVLA,18:57:00,20:15:00,Monday,Monday,417
95738,K106,LONAVLA,CST-MUMBAI,17:41:00,18:56:00,Friday,Friday,313
95739,K111,CST-MUMBAI,LONAVLA,19:33:00,20:36:00,Sunday,Sunday,210
95740,K112,LONAVLA,CST-MUMBAI,18:23:00,19:25:00,Wednesday,Wednesday,53
95741,K115,CST-MUMBAI,LONAVLA,20:42:00,21:58:00,Friday,Friday,421
95742,K116,LONAVLA,CST-MUMBAI,18:42:00,19:55:00,Wednesday,Wednesday,310
95743,K119,CST-MUMBAI,LONAVLA,21:40:00,23:01:00,Tuesday,Tuesday,497
95744,K128,LONAVLA,CST-MUMBAI,20:41:00,21:43:00,Saturday,Saturday,243
95745,K121,CST-MUMBAI,LONAVLA,21:54:00,22:56:00,Sunday,Sunday,210
95746,K138,LONAVLA,CST-MUMBAI,23:05:00,00:05:00,Thursday,Thursday,266
95801,DL35,CST-MUMBAI,DOMBIVLI,17:37:00,18:42:00,Wednesday,Wednesday,300
95802,DL8,DOMBIVLI,CST-MUMBAI,08:14:00,09:21:00,Tuesday,Tuesday,253
95804,DL26,DOMBIVLI,CST-MUMBAI,16:28:00,17:34:00,Saturday,Saturday,232
95805,DL49,CST-MUMBAI,DOMBIVLI,21:42:00,22:52:00,Saturday,Saturday,367
95808,DL 28,DOMBIVLI,CST-MUMBAI,17:22:00,18:29:00,Sunday,Sunday,232
95901,T17,CST-MUMBAI,THANE,08:13:00,08:52:00,Tuesday,Tuesday,79
95902,T8,THANE,CST-MUMBAI,05:08:00,05:52:00,Wednesday,Wednesday,117
95903,T27,CST-MUMBAI,THANE,08:54:00,09:36:00,Thursday,Thursday,112
95904,T36,THANE,CST-MUMBAI,08:02:00,08:47:00,Tuesday,Tuesday,114
95905,T33,CST-MUMBAI,THANE,09:04:00,09:45:00,Monday,Monday,86
95906,T42,THANE,CST-MUMBAI,08:25:00,09:08:00,Sunday,Sunday,114
95907,T43,CST-MUMBAI,THANE,09:50:00,10:31:00,Tuesday,Tuesday,105
95908,T50,THANE,CST-MUMBAI,09:00:00,09:45:00,Friday,Friday,117
95909,T107,CST-MUMBAI,THANE,18:10:00,18:51:00,Tuesday,Tuesday,112
95910,T62,THANE,CST-MUMBAI,09:54:00,10:37:00,Sunday,Sunday,117
95911,T117,CST-MUMBAI,THANE,19:04:00,19:46:00,Monday,Monday,119
95912,T74,THANE,CST-MUMBAI,10:49:00,11:33:00,Thursday,Thursday,117
95913,T127,CST-MUMBAI,THANE,20:30:00,21:20:00,Thursday,Thursday,185
95917,T117,CST-MUMBAI,THANE,19:04:00,19:47:00,Sunday,Sunday,119
95919,T131,CST-MUMBAI,THANE,20:30:00,21:21:00,Thursday,Thursday,157
96114,S48,KARJAT,CST-MUMBAI,21:43:00,00:04:00,Monday,Tuesday,1938
96116,S50,KARJAT,CST-MUMBAI,22:07:00,00:25:00,Friday,Saturday,1938
96236,BL60,BADLAPUR,CST-MUMBAI,23:50:00,01:38:00,Saturday,Sunday,1056
96336,A72,AMBERNATH,CST-MUMBAI,22:01:00,23:43:00,Saturday,Saturday,868
96657,TL71,CST-MUMBAI,TITVALA,23:44:00,01:27:00,Thursday,Friday,722
97000,K2,LONAVLA,CST-MUMBAI,04:59:00,06:27:00,Monday,Monday,53
97002,K2,LONAVLA,CST-MUMBAI,04:41:00,06:08:00,Friday,Friday,712
97004,K4,LONAVLA,CST-MUMBAI,05:21:00,06:48:00,Wednesday,Wednesday,712
97006,K6,LONAVLA,CST-MUMBAI,06:04:00,07:32:00,Sunday,Sunday,712
97008,K8,LONAVLA,CST-MUMBAI,06:13:00,07:40:00,Tuesday,Tuesday,712
97010,K10,LONAVLA,CST-MUMBAI,06:44:00,08:12:00,Wednesday,Wednesday,712
97011,K3,CST-MUMBAI,LONAVLA,06:12:00,07:42:00,Monday,Monday,545
97012,DK2,LONAVLA,DADAR,06:56:00,08:04:00,Saturday,Saturday,369
97014,K12,LONAVLA,CST-MUMBAI,07:13:00,08:40:00,Monday,Monday,712
97015,K5,CST-MUMBAI,LONAVLA,06:40:00,08:08:00,Tuesday,Tuesday,545
97016,K16,LONAVLA,CST-MUMBAI,07:17:00,08:47:00,Sunday,Sunday,712
97017,K7,CST-MUMBAI,LONAVLA,07:12:00,08:40:00,Monday,Monday,545
97018,K18,LONAVLA,CST-MUMBAI,07:35:00,09:03:00,Thursday,Thursday,712
97019,K9,CST-MUMBAI,LONAVLA,07:24:00,08:52:00,Tuesday,Tuesday,545
97020,K22,LONAVLA,CST-MUMBAI,07:50:00,09:18:00,Wednesday,Wednesday,712
97021,K13,CST-MUMBAI,LONAVLA,07:32:00,09:00:00,Thursday,Thursday,545
97022,K24,LONAVLA,CST-MUMBAI,07:57:00,09:26:00,Tuesday,Tuesday,712
97023,DK1,DADAR,LONAVLA,08:08:00,09:16:00,Wednesday,Wednesday,370
97024,K26 L SPL,LONAVLA,CST-MUMBAI,08:00:00,09:29:00,Monday,Monday,712
97025,K15,CST-MUMBAI,LONAVLA,07:56:00,09:22:00,Monday,Monday,545
97026,DK6,LONAVLA,DADAR,08:22:00,09:31:00,Wednesday,Wednesday,369
97027,K17,CST-MUMBAI,LONAVLA,08:12:00,09:39:00,Monday,Monday,545
97028,DK8,LONAVLA,DADAR,09:07:00,10:17:00,Saturday,Saturday,369
97029,K23,CST-MUMBAI,LONAVLA,08:32:00,09:59:00,Monday,Monday,512
97030,K38,LONAVLA,CST-MUMBAI,09:22:00,10:52:00,Thursday,Thursday,712
97031,K25,CST-MUMBAI,LONAVLA,08:51:00,10:21:00,Saturday,Saturday,545
97032,K40,LONAVLA,CST-MUMBAI,09:29:00,11:00:00,Thursday,Thursday,712
97034,K44,LONAVLA,CST-MUMBAI,09:51:00,11:20:00,Monday,Monday,712
97035,DK3,DADAR,LONAVLA,09:39:00,10:50:00,Sunday,Sunday,370
97036,K46,LONAVLA,CST-MUMBAI,10:06:00,11:34:00,Friday,Friday,712
97037,K29,CST-MUMBAI,LONAVLA,09:29:00,10:58:00,Friday,Friday,545
97038,K48,LONAVLA,CST-MUMBAI,10:17:00,11:45:00,Monday,Monday,712
97039,K31,CST-MUMBAI,LONAVLA,10:02:00,11:29:00,Wednesday,Wednesday,545
97040,K50,LONAVLA,CST-MUMBAI,10:27:00,11:55:00,Saturday,Saturday,712
97041,K35,CST-MUMBAI,LONAVLA,10:10:00,11:38:00,Tuesday,Tuesday,545
97042,CK2,LONAVLA,KURLA,10:41:00,11:40:00,Monday,Monday,282
97043,DK7,DADAR,LONAVLA,10:47:00,11:59:00,Friday,Friday,370
97044,K52,LONAVLA,CST-MUMBAI,10:59:00,12:27:00,Wednesday,Wednesday,712
97045,DK9,DADAR,LONAVLA,11:05:00,12:17:00,Friday,Friday,370
97047,K37,CST-MUMBAI,LONAVLA,11:00:00,12:29:00,Wednesday,Wednesday,545
97048,K54,LONAVLA,CST-MUMBAI,11:23:00,12:53:00,Wednesday,Wednesday,712
97049,K39,CST-MUMBAI,LONAVLA,11:12:00,12:39:00,Saturday,Saturday,545
97050,DK12,LONAVLA,DADAR,11:39:00,12:51:00,Thursday,Thursday,369
97051,CK13,KURLA,LONAVLA,12:02:00,13:04:00,Tuesday,Tuesday,272
97052,K58,LONAVLA,CST-MUMBAI,11:47:00,13:17:00,Saturday,Saturday,712
97053,K43,CST-MUMBAI,LONAVLA,11:50:00,13:17:00,Tuesday,Tuesday,545
97054,K60,LONAVLA,CST-MUMBAI,12:08:00,13:37:00,Sunday,Sunday,712
97055,K45,CST-MUMBAI,LONAVLA,12:08:00,13:35:00,Wednesday,Wednesday,545
97057,K47,CST-MUMBAI,LONAVLA,12:19:00,13:48:00,Saturday,Saturday,545
97058,K62,LONAVLA,CST-MUMBAI,12:40:00,14:08:00,Thursday,Thursday,712
97059,K49,CST-MUMBAI,LONAVLA,12:27:00,13:54:00,Monday,Monday,545
97060,K64,LONAVLA,CST-MUMBAI,12:48:00,14:16:00,Monday,Monday,712
97061,K51,CST-MUMBAI,LONAVLA,12:31:00,13:58:00,Friday,Friday,545
97062,K66,LONAVLA,CST-MUMBAI,13:08:00,14:37:00,Thursday,Thursday,712
97063,DK11,DADAR,LONAVLA,13:04:00,14:13:00,Thursday,Thursday,370
97064,CK4,LONAVLA,KURLA,13:20:00,14:18:00,Sunday,Sunday,282
97065,K55,CST-MUMBAI,LONAVLA,12:57:00,14:28:00,Monday,Monday,545
97066,K68,LONAVLA,CST-MUMBAI,13:24:00,14:52:00,Wednesday,Wednesday,712
97067,K57,CST-MUMBAI,LONAVLA,13:01:00,14:33:00,Friday,Friday,545
97068,K70,LONAVLA,CST-MUMBAI,13:43:00,15:11:00,Monday,Monday,712
97069,K59,CST-MUMBAI,LONAVLA,13:21:00,14:48:00,Thursday,Thursday,545
97070,K72,LONAVLA,CST-MUMBAI,13:56:00,15:25:00,Monday,Monday,712
97071,K61,CST-MUMBAI,LONAVLA,13:29:00,14:56:00,Monday,Monday,545
97072,DK14,LONAVLA,DADAR,14:04:00,15:13:00,Saturday,Saturday,369
97074,K74,LONAVLA,CST-MUMBAI,14:08:00,15:39:00,Thursday,Thursday,712
97075,K63,CST-MUMBAI,LONAVLA,13:46:00,15:13:00,Tuesday,Tuesday,545
97076,K78,LONAVLA,CST-MUMBAI,14:27:00,15:56:00,Wednesday,Wednesday,712
97077,CK15,KURLA,LONAVLA,14:32:00,15:31:00,Friday,Friday,272
97078,K80,LONAVLA,CST-MUMBAI,14:33:00,16:01:00,Sunday,Sunday,712
97079,K65,CST-MUMBAI,LONAVLA,14:12:00,15:39:00,Saturday,Saturday,545
97080,K82,LONAVLA,CST-MUMBAI,14:41:00,16:10:00,Monday,Monday,712
97081,K67,CST-MUMBAI,LONAVLA,14:24:00,15:52:00,Sunday,Sunday,545
97082,K84,LONAVLA,CST-MUMBAI,14:55:00,16:23:00,Tuesday,Tuesday,712
97083,K69,CST-MUMBAI,LONAVLA,14:37:00,16:04:00,Wednesday,Wednesday,545
97084,K86,LONAVLA,CST-MUMBAI,15:07:00,16:34:00,Thursday,Thursday,712
97085,K71,CST-MUMBAI,LONAVLA,14:57:00,16:24:00,Monday,Monday,545
97087,DK13,DADAR,LONAVLA,15:26:00,16:36:00,Tuesday,Tuesday,370
97088,K88,LONAVLA,CST-MUMBAI,15:31:00,17:03:00,Friday,Friday,712
97089,K75,CST-MUMBAI,LONAVLA,15:17:00,16:44:00,Sunday,Sunday,545
97090,K90,LONAVLA,CST-MUMBAI,15:39:00,17:08:00,Saturday,Saturday,712
97091,K77,CST-MUMBAI,LONAVLA,15:43:00,17:12:00,Wednesday,Wednesday,545
97092,DK16,LONAVLA,DADAR,15:48:00,16:57:00,Monday,Monday,369
97093,K79,CST-MUMBAI,LONAVLA,15:52:00,17:19:00,Tuesday,Tuesday,545
97095,K81,CST-MUMBAI,LONAVLA,15:58:00,17:27:00,Tuesday,Tuesday,545
97096,K92,LONAVLA,CST-MUMBAI,16:17:00,17:43:00,Wednesday,Wednesday,712
97097,CK17,KURLA,LONAVLA,16:54:00,17:54:00,Thursday,Thursday,272
97098,DK18,LONAVLA,DADAR,16:21:00,17:29:00,Saturday,Saturday,369
97100,K96,LONAVLA,CST-MUMBAI,16:46:00,18:14:00,Sunday,Sunday,712
97101,K83,CST-MUMBAI,LONAVLA,16:48:00,18:18:00,Sunday,Sunday,545
97102,K100,LONAVLA,CST-MUMBAI,17:16:00,18:45:00,Sunday,Sunday,712
97103,K85,CST-MUMBAI,LONAVLA,17:00:00,18:30:00,Saturday,Saturday,545
97104,K104,LONAVLA,CST-MUMBAI,17:31:00,19:01:00,Tuesday,Tuesday,712
97105,K87,CST-MUMBAI,LONAVLA,17:12:00,18:41:00,Wednesday,Wednesday,545
97106,K108,LONAVLA,CST-MUMBAI,17:59:00,19:27:00,Monday,Monday,712
97107,DK19,DADAR,LONAVLA,17:38:00,18:47:00,Sunday,Sunday,370
97108,K110,LONAVLA,CST-MUMBAI,18:21:00,19:49:00,Tuesday,Tuesday,712
97110,DK24,LONAVLA,DADAR,18:25:00,19:33:00,Tuesday,Tuesday,369
97111,K91,CST-MUMBAI,LONAVLA,17:36:00,19:04:00,Saturday,Saturday,545
97112,K114,LONAVLA,CST-MUMBAI,18:35:00,20:02:00,Tuesday,Tuesday,712
97113,K93,CST-MUMBAI,LONAVLA,17:53:00,19:21:00,Sunday,Sunday,545
97114,K118,LONAVLA,CST-MUMBAI,18:46:00,20:14:00,Tuesday,Tuesday,712
97115,DK23,DADAR,LONAVLA,18:20:00,19:33:00,Tuesday,Tuesday,370
97116,CK6,LONAVLA,KURLA,18:54:00,19:52:00,Tuesday,Tuesday,282
97117,K97,CST-MUMBAI,LONAVLA,18:08:00,19:37:00,Saturday,Saturday,545
97119,K99,CST-MUMBAI,LONAVLA,18:14:00,19:42:00,Wednesday,Wednesday,545
97120,DK26,LONAVLA,DADAR,19:08:00,20:20:00,Tuesday,Tuesday,369
97121,DK25,DADAR,LONAVLA,18:43:00,19:54:00,Thursday,Thursday,370
97122,K120,LONAVLA,CST-MUMBAI,19:12:00,20:42:00,Wednesday,Wednesday,712
97123,DK29,DADAR,LONAVLA,19:11:00,20:25:00,Sunday,Sunday,370
97124,K122,LONAVLA,CST-MUMBAI,19:27:00,20:56:00,Saturday,Saturday,712
97125,K105,CST-MUMBAI,LONAVLA,19:01:00,20:29:00,Friday,Friday,545
97126,DK28,LONAVLA,DADAR,19:38:00,20:46:00,Sunday,Sunday,369
97127,K107,CST-MUMBAI,LONAVLA,19:14:00,20:42:00,Sunday,Sunday,545
97128,K124,LONAVLA,CST-MUMBAI,19:42:00,21:09:00,Wednesday,Wednesday,712
97129,K109,CST-MUMBAI,LONAVLA,19:18:00,20:46:00,Friday,Friday,545
97131,CK23,KURLA,LONAVLA,19:57:00,20:58:00,Monday,Monday,272
97132,DK30,LONAVLA,DADAR,20:00:00,21:11:00,Saturday,Saturday,369
97133,K113,CST-MUMBAI,LONAVLA,19:45:00,21:13:00,Saturday,Saturday,545
97134,DK32,LONAVLA,DADAR,20:21:00,21:31:00,Friday,Friday,369
97135,DK31,DADAR,LONAVLA,20:27:00,21:37:00,Monday,Monday,370
97136,K126,LONAVLA,CST-MUMBAI,20:31:00,21:58:00,Tuesday,Tuesday,712
97137,DK33,DADAR,LONAVLA,21:02:00,22:14:00,Friday,Friday,370
97138,DK34,LONAVLA,DADAR,20:38:00,21:47:00,Thursday,Thursday,369
97139,K117,CST-MUMBAI,LONAVLA,20:52:00,22:21:00,Thursday,Thursday,545
97140,CK8,LONAVLA,KURLA,20:52:00,21:52:00,Sunday,Sunday,282
97141,DK35,DADAR,LONAVLA,21:17:00,22:29:00,Tuesday,Tuesday,370
97142,K130,LONAVLA,CST-MUMBAI,21:04:00,22:35:00,Wednesday,Wednesday,712
97143,DK37,DADAR,LONAVLA,21:42:00,22:53:00,Friday,Friday,370
97144,K132,LONAVLA,CST-MUMBAI,21:20:00,22:48:00,Saturday,Saturday,712
97145,DK39,DADAR,LONAVLA,22:03:00,23:13:00,Sunday,Sunday,370
97146,K134,LONAVLA,CST-MUMBAI,22:06:00,23:35:00,Saturday,Saturday,712
97147,K123,CST-MUMBAI,LONAVLA,21:58:00,23:26:00,Saturday,Saturday,545
97148,CK10,LONAVLA,KURLA,22:26:00,23:25:00,Sunday,Sunday,282
97149,K125,CST-MUMBAI,LONAVLA,22:06:00,23:34:00,Saturday,Saturday,545
97151,K127,CST-MUMBAI,LONAVLA,22:16:00,23:45:00,Friday,Friday,545
97153,K129,CST-MUMBAI,LONAVLA,22:24:00,23:53:00,Monday,Monday,545
97155,DK41,DADAR,LONAVLA,22:52:00,00:01:00,Wednesday,Wednesday,370
97201,DL1,CST-MUMBAI,DOMBIVLI,06:20:00,07:38:00,Saturday,Saturday,443
97202,DL2,DOMBIVLI,CST-MUMBAI,05:57:00,07:16:00,Wednesday,Wednesday,595
97203,DL3,CST-MUMBAI,DOMBIVLI,06:32:00,07:50:00,Thursday,Thursday,443
97204,DL4,DOMBIVLI,CST-MUMBAI,07:29:00,08:50:00,Tuesday,Tuesday,595
97205,DL5,CST-MUMBAI,DOMBIVLI,07:16:00,08:34:00,Tuesday,Tuesday,443
97206,DL6,DOMBIVLI,CST-MUMBAI,07:47:00,09:07:00,Thursday,Thursday,595
97207,DL7,CST-MUMBAI,DOMBIVLI,07:36:00,08:54:00,Wednesday,Wednesday,443
97208,DL10,DOMBIVLI,CST-MUMBAI,08:41:00,10:02:00,Wednesday,Wednesday,595
97209,DL9,CST-MUMBAI,DOMBIVLI,08:20:00,09:38:00,Wednesday,Wednesday,443
97210,DL12,DOMBIVLI,CST-MUMBAI,09:05:00,10:26:00,Thursday,Thursday,595
97211,DL11,CST-MUMBAI,DOMBIVLI,09:15:00,10:32:00,Friday,Friday,443
97212,DDL2,DOMBIVLI,DADAR,09:48:00,10:50:00,Sunday,Sunday,289
97213,DL13,CST-MUMBAI,DOMBIVLI,09:33:00,10:52:00,Tuesday,Tuesday,443
97214,DL14,DOMBIVLI,CST-MUMBAI,10:40:00,12:00:00,Friday,Friday,595
97215,DL15,CST-MUMBAI,DOMBIVLI,10:22:00,11:39:00,Tuesday,Tuesday,443
97216,DL16,DOMBIVLI,CST-MUMBAI,11:03:00,12:23:00,Sunday,Sunday,595
97217,DL17,CST-MUMBAI,DOMBIVLI,10:36:00,11:53:00,Friday,Friday,443
97218,DL18,DOMBIVLI,CST-MUMBAI,11:47:00,12:55:00,Saturday,Saturday,595
97219,DL19,DELHI JN.,DADAR,12:58:00,13:57:00,Sunday,Sunday,747
97220,DL20,DELHI JN.,KURLA,14:09:00,14:59:00,Monday,Monday,899
97221,DL21,DELHI JN.,KARMALI,15:20:00,16:01:00,Tuesday,Tuesday,1051
97222,DL22,DELHI JN.,AGRA CANTT,07:36:00,08:54:00,Wednesday,Wednesday,369
97223,DL23,DELHI JN.,AHMEDABAD,08:41:00,10:02:00,Wednesday,Wednesday,545
97224,DL24,DELHI JN.,AJMER JN.,08:20:00,09:38:00,Wednesday,Wednesday,712
97225,DL25,DELHI JN.,AJNI,09:05:00,10:26:00,Thursday,Thursday,545
97226,DL26,DELHI JN.,ALIGARH JN.,09:15:00,10:32:00,Friday,Friday,712
97227,DL27,DELHI JN.,ALIPUR DUAR JN.,09:48:00,10:50:00,Sunday,Sunday,370
97228,DL28,DELHI JN.,AMB ANDAURA,09:33:00,10:52:00,Tuesday,Tuesday,282
97229,DL29,DELHI JN.,AMBALA CANTT JN,10:40:00,12:00:00,Friday,Friday,545
97230,DL30,DELHI JN.,AMBERNATH,10:22:00,11:39:00,Tuesday,Tuesday,545
97231,DL31,DELHI JN.,AMRAVATI,11:03:00,12:23:00,Sunday,Sunday,369
97232,DL32,DELHI JN.,AMRITSAR JN.,10:36:00,11:53:00,Friday,Friday,370
97233,DL33,DELHI JN.,ASANSOL MAIN,11:47:00,12:55:00,Saturday,Saturday,712
97234,DL34,DELHI JN.,ATARI JN,12:58:00,13:57:00,Sunday,Sunday,370
97235,DL35,DELHI JN.,AZAMGARH,14:09:00,14:59:00,Monday,Monday,712
97236,DL36,DELHI JN.,BADLAPUR,15:20:00,16:01:00,Tuesday,Tuesday,545
97237,DL37,DELHI JN.,BARAUT,07:36:00,08:54:00,Wednesday,Wednesday,369
97238,DL38,DELHI JN.,BAREILLY JN.,08:41:00,10:02:00,Wednesday,Wednesday,545
97239,DL39,DELHI JN.,BATHINDA JN,08:20:00,09:38:00,Wednesday,Wednesday,712
97240,DL40,DELHI JN.,BHIWANI JN.,09:05:00,10:26:00,Thursday,Thursday,545
97241,DL41,DELHI JN.,BHUBANESWAR,09:15:00,10:32:00,Friday,Friday,272
97242,DL42,DELHI JN.,BHUSAVAL JN.,09:48:00,10:50:00,Sunday,Sunday,369
97243,DL43,DELHI JN.,BIDAR,09:33:00,10:52:00,Tuesday,Tuesday,545
97244,DL44,DELHI JN.,BIJAPUR JN,10:40:00,12:00:00,Friday,Friday,369
97245,DL45,DELHI JN.,BIKANER JN.,10:22:00,11:39:00,Tuesday,Tuesday,370
97246,DL46,DELHI JN.,CHENNAI CENTRAL,11:03:00,12:23:00,Sunday,Sunday,712
97247,DL47,DELHI JN.,CHENNAI EGMORE,10:36:00,11:53:00,Friday,Friday,370
97248,DL48,DELHI JN.,SHIVAJINAGAR,11:47:00,12:55:00,Saturday,Saturday,369
97249,DL49,DELHI JN.,CHHATRAPATI SHAHU MAHARAJ TERMINUS,12:58:00,13:57:00,Sunday,Sunday,545
97250,DL50,DELHI JN.,CST-MUMBAI,14:09:00,14:59:00,Monday,Monday,282
97251,DL51,DELHI JN.,DADAR,15:20:00,16:01:00,Tuesday,Tuesday,370
97252,DL52,DELHI JN.,DAHANU ROAD,07:36:00,08:54:00,Wednesday,Wednesday,712
97253,DL53,DELHI JN.,DANKAUR,08:41:00,10:02:00,Wednesday,Wednesday,370
97254,DL54,DELHI JN.,DELHI JN.,08:20:00,09:38:00,Wednesday,Wednesday,712
97255,DL55,DELHI JN.,DIBRUGARH,09:05:00,10:26:00,Thursday,Thursday,370
97256,DL56,DELHI JN.,DOMBIVLI,09:15:00,10:32:00,Friday,Friday,712
97257,DL57,DELHI JN.,FAIZABAD JN.,09:48:00,10:50:00,Sunday,Sunday,545
97258,DL58,DELHI JN.,FARUKHNAGAR,09:33:00,10:52:00,Tuesday,Tuesday,282
97259,DL59,DELHI JN.,FAZILKA JN.,10:40:00,12:00:00,Friday,Friday,545
97260,DL60,DELHI JN.,FIROZPUR CANTT JN.,10:22:00,11:39:00,Tuesday,Tuesday,545
97261,DL61,DELHI JN.,GHAZIABAD JN.,11:03:00,12:23:00,Sunday,Sunday,545
97262,DL62,DELHI JN.,GONDIA JN.,10:36:00,11:53:00,Friday,Friday,370
97263,DL63,DELHI JN.,GORAKHPUR JN.,11:47:00,12:55:00,Saturday,Saturday,443
97264,DL64,DELHI JN.,HARIDWAR JN,12:58:00,13:57:00,Sunday,Sunday,595
97265,DL65,DELHI JN.,HATHRAS QILAH,14:09:00,14:59:00,Monday,Monday,443
97266,DL66,DELHI JN.,HOSHIARPUR,15:20:00,16:01:00,Tuesday,Tuesday,595
97267,DL67,DELHI JN.,HOWRAH JN.,07:36:00,08:54:00,Wednesday,Wednesday,443
97268,DL68,DELHI JN.,HYDERABAD DECCAN,08:41:00,10:02:00,Wednesday,Wednesday,595
97269,DL69,DELHI JN.,JABALPUR,08:20:00,09:38:00,Wednesday,Wednesday,443
97270,DL70,DELHI JN.,JAISALMER,09:05:00,10:26:00,Thursday,Thursday,595
97271,DL71,DELHI JN.,JAKHAL JN.,09:15:00,10:32:00,Friday,Friday,443
97272,DL72,DELHI JN.,JALNA,09:48:00,10:50:00,Sunday,Sunday,595
97273,DL73,DELHI JN.,JAMMU TAWI,09:33:00,10:52:00,Tuesday,Tuesday,443
97274,DL74,DELHI JN.,JIND JN,10:40:00,12:00:00,Friday,Friday,289
97275,DL75,DELHI JN.,JODHPUR JN.,10:22:00,11:39:00,Tuesday,Tuesday,443
97276,DL76,DELHI JN.,KALKA,11:03:00,12:23:00,Sunday,Sunday,595
97277,DL77,DELHI JN.,LONAVLA,10:36:00,11:53:00,Friday,Friday,443
97278,DL78,DELHI JN.,KANNIYAKUMARI,11:47:00,12:55:00,Saturday,Saturday,595
97279,DL79,DELHI JN.,KARJAT,12:58:00,13:57:00,Sunday,Sunday,443
97280,DL80,DELHI JN.,KARMALI,14:09:00,14:59:00,Monday,Monday,595
97281,DL81,DELHI JN.,KATHGODAM,15:20:00,16:01:00,Tuesday,Tuesday,369
97282,DL82,DELHI JN.,KHURJA JN,07:36:00,08:54:00,Wednesday,Wednesday,545
97283,DL83,DELHI JN.,KOTDWARA,08:41:00,10:02:00,Wednesday,Wednesday,712
97284,DL84,DELHI JN.,KRANTIVIRA SANGOLLI RAYANNA (BENGALURU STATION),08:20:00,09:38:00,Wednesday,Wednesday,545
97285,DL85,DELHI JN.,KURLA,09:05:00,10:26:00,Thursday,Thursday,712
97286,DL86,DELHI JN.,KURUKSHETRA JN.,09:15:00,10:32:00,Friday,Friday,370
97287,DL87,DELHI JN.,LOKMANYA TILAK TERMINUS,09:48:00,10:50:00,Sunday,Sunday,282
97288,DL88,DELHI JN.,LUCKNOW JN.,09:33:00,10:52:00,Tuesday,Tuesday,545
97289,DL89,DELHI JN.,MADGOAN JN.,10:40:00,12:00:00,Friday,Friday,545
97290,DL90,DELHI JN.,MALDA TOWN,10:22:00,11:39:00,Tuesday,Tuesday,369
97291,DL91,DELHI JN.,MANGALORE JN,11:03:00,12:23:00,Sunday,Sunday,370
97292,DL92,DELHI JN.,MANMAD JN.,10:36:00,11:53:00,Friday,Friday,712
97293,DL93,DELHI JN.,MORADABAD JN.,11:47:00,12:55:00,Saturday,Saturday,370
97294,DL94,DELHI JN.,MYSORE JN.,12:58:00,13:57:00,Sunday,Sunday,712
97295,DL95,DELHI JN.,NAGERCOIL JN.,14:09:00,14:59:00,Monday,Monday,545
97296,DL96,DELHI JN.,NAGPUR JN.(CR),15:20:00,16:01:00,Tuesday,Tuesday,369
97297,DL97,DELHI JN.,NANDED,07:36:00,08:54:00,Wednesday,Wednesday,545
97298,DL98,DELHI JN.,NARWANA JN.,08:41:00,10:02:00,Wednesday,Wednesday,712
97299,DL99,DELHI JN.,NEW BHUJ,08:20:00,09:38:00,Wednesday,Wednesday,545
97300,DL100,DELHI JN.,PALWAL,09:05:00,10:26:00,Thursday,Thursday,272
97301,DL101,DELHI JN.,PANDHARPUR,09:15:00,10:32:00,Friday,Friday,369
97302,DL102,DELHI JN.,PANIPAT JN.,09:48:00,10:50:00,Sunday,Sunday,545
97303,DL103,DELHI JN.,PARTAPGARH JN.,09:33:00,10:52:00,Tuesday,Tuesday,369
97304,DL104,DELHI JN.,PATHANKOT JN.,10:40:00,12:00:00,Friday,Friday,370
97305,DL105,DELHI JN.,PATNA JN.,10:22:00,11:39:00,Tuesday,Tuesday,712
97306,DL106,DELHI JN.,PONDICHERRY,11:03:00,12:23:00,Sunday,Sunday,370
97307,DL107,DELHI JN.,PUNE JN.,10:36:00,11:53:00,Friday,Friday,369
97308,DL108,DELHI JN.,RATNAGIRI,11:47:00,12:55:00,Saturday,Saturday,545
97309,DL109,DELHI JN.,RAVLI JN,12:58:00,13:57:00,Sunday,Sunday,282
97310,DL110,DELHI JN.,REWARI JN.,14:09:00,14:59:00,Monday,Monday,370
97311,DL111,DELHI JN.,RISHIKESH,15:20:00,16:01:00,Tuesday,Tuesday,712
97312,DL112,DELHI JN.,ROHTAK JN.,07:36:00,08:54:00,Wednesday,Wednesday,370
97313,DL113,DELHI JN.,SAHARANPUR JN.,08:41:00,10:02:00,Wednesday,Wednesday,712
97314,DL114,DELHI JN.,SAHIBABAD,08:20:00,09:38:00,Wednesday,Wednesday,370
97315,DL115,DELHI JN.,SAI NAGAR SHIRDI,09:05:00,10:26:00,Thursday,Thursday,712
97316,DL116,DELHI JN.,SAWANTWADI ROAD,09:15:00,10:32:00,Friday,Friday,545
97317,DL117,DELHI JN.,SECUNDERABAD JN.,09:48:00,10:50:00,Sunday,Sunday,282
97318,DL118,DELHI JN.,SHAMLI,09:33:00,10:52:00,Tuesday,Tuesday,545
97319,DL119,DELHI JN.,SHRI GANGANAGAR,10:40:00,12:00:00,Friday,Friday,545
97320,DL120,DELHI JN.,SHRI MATA VAISHNO DEVI KATRA,10:22:00,11:39:00,Tuesday,Tuesday,545
97321,DL121,DELHI JN.,SITAPUR CITY JN.,11:03:00,12:23:00,Sunday,Sunday,370
97322,DL122,DELHI JN.,SOLAPUR,10:36:00,11:53:00,Friday,Friday,443
97323,DL123,DELHI JN.,THANE,11:47:00,12:55:00,Saturday,Saturday,595
97324,DL124,DELHI JN.,TIRUNELVELI JN,12:58:00,13:57:00,Sunday,Sunday,443
97325,DL125,DELHI JN.,TITVALA,14:09:00,14:59:00,Monday,Monday,595
97326,DL126,DELHI JN.,TRIVANDRUM CENTRAL,15:20:00,16:01:00,Tuesday,Tuesday,443
97327,DL127,DELHI JN.,TUNDLA JN,07:36:00,08:54:00,Wednesday,Wednesday,595
97328,DL128,DELHI JN.,VARANASI JN,08:41:00,10:02:00,Wednesday,Wednesday,443
